timestamp,level,message
2025-06-01 00:00:00,INFO,System boot
2025-06-01 00:01:00,INFO,User login: alice
2025-06-01 00:02:00,DEBUG,Loading user profile
2025-06-01 00:03:00,INFO,User login: bob
2025-06-01 00:04:00,WARNING,High memory usage detected
2025-06-01 00:05:00,ERROR,Failed to connect to database
2025-06-01 00:06:00,INFO,Retrying database connection
2025-06-01 00:07:00,INFO,Database connection established
2025-06-01 00:08:00,DEBUG,Running scheduled job
2025-06-01 00:09:00,INFO,Scheduled job completed
2025-06-01 00:10:00,INFO,User logout: alice
2025-06-01 01:00:00,INFO,System check
2025-06-01 01:01:00,WARNING,Disk space low
2025-06-01 01:02:00,ERROR,Disk write failure
2025-06-01 01:03:00,CRITICAL,System halt triggered
2025-06-01 01:04:00,INFO,System reboot
2025-06-01 01:05:00,INFO,User login: charlie
2025-06-01 01:06:00,DEBUG,Checking updates
2025-06-01 01:07:00,INFO,Update available
2025-06-01 01:08:00,INFO,Downloading update
2025-06-01 01:09:00,INFO,Update downloaded
2025-06-01 01:10:00,INFO,Applying update
2025-06-01 01:11:00,INFO,Update applied successfully
2025-06-01 01:12:00,INFO,User logout: bob
2025-06-01 02:00:00,INFO,System idle
2025-06-01 02:01:00,DEBUG,Background cleanup
2025-06-01 02:02:00,INFO,Cleanup complete
2025-06-01 02:03:00,WARNING,Network latency high
2025-06-01 02:04:00,ERROR,Network timeout
2025-06-01 02:05:00,INFO,Network restored
2025-06-01 02:06:00,INFO,User login: dave
2025-06-01 02:07:00,DEBUG,Loading preferences
2025-06-01 02:08:00,INFO,Preferences loaded
2025-06-01 02:09:00,INFO,User logout: charlie
2025-06-01 02:10:00,INFO,System idle
2025-06-01 03:00:00,INFO,User login: eve
2025-06-01 03:01:00,DEBUG,Session initialized
2025-06-01 03:02:00,INFO,User performed action: export
2025-06-01 03:03:00,WARNING,Export took too long
2025-06-01 03:04:00,ERROR,Export failed
2025-06-01 03:05:00,CRITICAL,Data corruption detected
2025-06-01 03:06:00,INFO,System recovery started
2025-06-01 03:07:00,INFO,System recovery finished
2025-06-01 03:08:00,INFO,User logout: dave
2025-06-01 03:09:00,INFO,System idle
2025-06-01 03:10:00,INFO,System idle
2025-06-01 04:00:00,INFO,User login: frank
2025-06-01 04:01:00,DEBUG,Loading dashboard
2025-06-01 04:02:00,INFO,Dashboard loaded
2025-06-01 04:03:00,WARNING,Slow response detected
2025-06-01 04:04:00,ERROR,Widget failed to load
2025-06-01 04:05:00,INFO,Widget reload successful
2025-06-01 04:06:00,INFO,User logout: eve
2025-06-01 04:07:00,INFO,System idle
2025-06-01 04:08:00,INFO,User login: grace
2025-06-01 04:09:00,DEBUG,Loading modules
2025-06-01 04:10:00,INFO,Modules loaded
2025-06-01 05:00:00,INFO,System backup started
2025-06-01 05:01:00,DEBUG,Backup in progress
2025-06-01 05:02:00,INFO,Backup completed
2025-06-01 05:03:00,WARNING,Backup took too long
2025-06-01 05:04:00,ERROR,Backup failed
2025-06-01 05:05:00,INFO,Retrying backup
2025-06-01 05:06:00,INFO,Backup successful
2025-06-01 05:07:00,INFO,User logout: frank
2025-06-01 05:08:00,INFO,System idle
2025-06-01 05:09:00,INFO,User login: heidi
2025-06-01 05:10:00,DEBUG,Loading settings
2025-06-01 06:00:00,INFO,Settings loaded
2025-06-01 06:01:00,WARNING,Settings outdated
2025-06-01 06:02:00,ERROR,Failed to update settings
2025-06-01 06:03:00,INFO,Settings update retried
2025-06-01 06:04:00,INFO,Settings updated
2025-06-01 06:05:00,INFO,User logout: grace
2025-06-01 06:06:00,INFO,System idle
2025-06-01 06:07:00,INFO,System idle
2025-06-01 06:08:00,INFO,System idle
2025-06-01 06:09:00,INFO,System idle
2025-06-01 06:10:00,INFO,System shutdown
